name,address,category
Joe's Pizza Broadway,"1435 Broadway, New York, NY",pizza
Rubirosa,"235 Mulberry St, New York, NY",pizza
SIMÒ PIZZA - MIDTOWN,"1290 6th Ave, New York, NY",pizza
John's of Bleecker Street,"278 Bleecker St, New York, NY",pizza
Vito's Slices and Ices,"464 9th Ave, New York, NY",pizza
Roma Pizza & Restaurant,"980 6th Ave, New York, NY",pizza
NY Pizza Suprema,"413 8th Ave, New York, NY",pizza
Square Pizza NYC Times Square,"316 W 39th St, New York, NY",pizza
Sushi & Co Midtown,"980 6th Ave, New York, NY",sushi
Sushi Blossoms Chelsea NYC,"334 8th Ave, New York, NY",sushi
Sushi & Co Broadway,"1407 Broadway, New York, NY",sushi
KazuNori The Original Hand Roll Bar,"15 W 28th St, New York, NY",sushi
Sushi Nakazawa,"23 Commerce St, New York, NY",sushi
SUGARFISH by sushi nozawa,"33 E 20th St, New York, NY",sushi
Sushi Yasaka,"251 W 72nd St, New York, NY",sushi
Tanoshi Sushi Sake Bar,"1372 York Ave, New York, NY",sushi
Au Cheval,"33 Cortlandt Alley, New York, NY",burger
Black Iron Burger,"250 W 54th St, New York, NY",burger
Fat Ronnie's Burger Bar,"303 6th Ave, New York, NY",burger
5 Napkin Burger,"630 9th Ave, New York, NY",burger
7th Street Burger,"485 7th Ave, New York, NY",burger
Bareburger,"2233 Broadway, New York, NY",burger
Minetta Tavern,"113 MacDougal St, New York, NY",burger
Handcraft Burgers and Brew,"110 W 40th St, New York, NY",burger
Cloves Indian Cuisine,"66 Madison Ave, New York, NY",indian
Bombay Chowk,"1378 1st Ave, New York, NY",indian
Bengal Tiger,"234 W 56th St, New York, NY",indian
Patiala Indian Grill & Bar,"240 W 35th St, New York, NY",indian
Mughlai Indian Cuisine,"329 3rd Ave, New York, NY",indian
Muna,"152 E 46th St, New York, NY",indian
Junoon,"19 W 24th St, New York, NY",indian
Spice Symphony Times Square,"317 W 46th St, New York, NY",indian
Osteria La Baia,"129 W 52nd St, New York, NY",italian
Marea,"240 Central Park S, New York, NY",italian
Osteria Nonnino,"637 Hudson St, New York, NY",italian
Carmine's 44th Street NYC,"200 W 44th St, New York, NY",italian
Sicily Osteria,"328-330 W 46th St, New York, NY",italian
Da Andrea Greenwich Village,"35 W 13th St, New York, NY",italian
Osteria Barocca,"133 Mulberry St, New York, NY",italian
Felice 56,"15 W 56th St, New York, NY",italian
Il Corso,"54 W 55th St, New York, NY",italian
Jiang Nan NYC,"103 Bowery, New York, NY",chinese
The Best Sichuan 21,"22 E 21st St, New York, NY",chinese
Nan Xiang Xiao Long Bao,"24 W 33rd St, New York, NY",chinese
The Best Sichuan,"7 E 47th St, New York, NY",chinese
Chi Restaurant & Bar,"492 9th Ave, New York, NY",chinese
Mountain House Times Square,"353 W 46th St, New York, NY",chinese
Tipsy Shanghai,"594 3rd Ave, New York, NY",chinese
Chef Huang,"635 2nd Ave, New York, NY",chinese
Dim Sum Sam,"240 W 40th St, New York, NY",chinese
